{
  "input_hours": 24,
  "horizon_hours": 6,
  "feature_count": 11,
  "threshold_c": 85.0,
  "time_step_seconds": 300,
  "base_date": "2019-05-01",
  "feature_cols": [
    "utilization",
    "t_chip",
    "t_in",
    "setpoint",
    "server_fan_speed",
    "power",
    "outside_temp",
    "humidity",
    "position",
    "hour_sin",
    "hour_cos"
  ],
  "X_mean": [
    0.5710629224777222,
    31.123546600341797,
    22.496265411376953,
    22.0,
    0.3183932304382324,
    292.77178955078125,
    10.558676719665527,
    60.676265716552734,
    0.4989047944545746,
    -2.678523418689349e-12,
    4.285637383166785e-12
  ],
  "X_std": [
    0.05775241553783417,
    0.6728327870368958,
    0.4484691619873047,
    9.999999974752427e-07,
    0.008361926302313805,
    14.437714576721191,
    4.108362197875977,
    19.908910751342773,
    0.29576951265335083,
    0.7071077823638916,
    0.7071077823638916
  ],
  "model_config": {
    "input_size": 11,
    "hidden": 128,
    "num_layers": 2,
    "horizon_hours": 6
  }
}